arquivo;codigo;nome_base;pagina;linha;coluna;qr_lido;fonte_recorte;observacao
2026125661111.jpg;2026125661111;YASMIN GABRIELLY DE SOUSA OLIVEIRA;1;1;1;2026125661111;fused;
2026108549111.jpg;2026108549111;ANTONIO JOSÉ MONTEIRO DA SILVA;1;1;2;2026108549111;fused;
2026108599111.jpg;2026108599111;DAVI LIRA SILVA;1;1;3;2026108599111;fused;
2026108606111.jpg;2026108606111;MIKAELE VIEIRA CRUZ;1;2;3;2026108606111;fused;
2026108593111.jpg;2026108593111;FELIPE CHAGAS SILVA;1;2;1;2026108593111;fused;
2026108596111.jpg;2026108596111;GUSTAVO DA SILVA DE OLIVEIRA;1;2;2;2026108596111;fused;
2026114920111.jpg;2026114920111;ISADORA DOS SANTOS EDUARDO;1;3;1;2026114920111;fused;
2026115813111.jpg;2026115813111;EMILLY VITÓRIA MORENO SOUSA;1;3;2;2026115813111;fused;
2026108567111.jpg;2026108567111;YASMIM SILVA OLIVEIRA;1;3;3;2026108567111;fused;
2026108556111.jpg;2026108556111;LOURDES MARIANY SOARES NASCIMENTO;2;1;1;2026108556111;fused;
2026125544111.jpg;2026125544111;VINICIOS SILVA E SILVA;2;1;2;2026125544111;fused;
2026108558111.jpg;2026108558111;JOSEANE SILVA SANTOS;2;1;3;2026108558111;fused;
2026108579111.jpg;2026108579111;EMILLY VITÓRIA AMARAL SANTOS;2;2;1;2026108579111;fused;
2026108565111.jpg;2026108565111;CARLOS EDUARDO DE SOUSA SILVA;2;2;2;2026108565111;fused;
2026106979111.jpg;2026106979111;LOHANNY VICTORIA SILVA E SILVA;2;2;3;2026106979111;fused;
2026107043111.jpg;2026107043111;HUGO LEONARDO DA SILVA;2;3;1;2026107043111;fused;
2026125701111.jpg;2026125701111;PEDRO OTÁVIO SANTANA AMARAL SOUSA;2;3;2;2026125701111;fused;
2026108563111.jpg;2026108563111;TÁRCIO ABRAÃO CARNEIRO DE SOUSA;2;3;3;2026108563111;fused;
2026114430111.jpg;2026114430111;MARIA EDUARDA BARROS PESSOA;3;1;1;2026114430111;fused;
2026108555111.jpg;2026108555111;AQUINO COSTA FILHO;3;1;2;2026108555111;fused;
2026108584111.jpg;2026108584111;MARCOS ALEXANDRE DE AQUINO SILVA;3;1;3;2026108584111;fused;
2026108551111.jpg;2026108551111;LUAN FELIPE GOMES SANTOS;3;2;1;2026108551111;fused;
2026108594111.jpg;2026108594111;VALÉRIA NEGREIROS DE OLIVEIRA;3;2;2;2026108594111;fused;
2026108597111.jpg;2026108597111;KEMILLY ISABELLE LIMA DA SILVA;3;2;3;2026108597111;fused;
2026108575111.jpg;2026108575111;LUAN FELIPE CONCEIÇÃO FARIAS;3;3;1;2026108551111;fused;"QR/codigo impresso no PDF aparece duplicado como 2026108551111; salvo com o codigo ausente do segundo Luan Felipe na base."
2026108560111.jpg;2026108560111;ANANDA CIBELLY DOS SANTOS VITOR;3;3;2;2026108560111;fused;
2026108610111.jpg;2026108610111;BIANCA STEFFANNY SILVA CARVALHO;3;3;3;2026108610111;fused;
2026108557111.jpg;2026108557111;WEMILLI KAILANE DE JESUS MENDONÇA;4;1;1;2026108557111;fused;
2026108561111.jpg;2026108561111;RUTH KEITH MARANHÃO COELHO;4;1;2;2026108561111;fused;
2026114012111.jpg;2026114012111;MARIA LAURA SOUSA LOPES;4;1;3;2026114012111;fused;
2026108607111.jpg;2026108607111;ANTONIO RIAN SILVA DA SILVA;4;2;1;2026108607111;fused;
2026108615111.jpg;2026108615111;YASMIN VITÓRIA SILVA PINHEIRO;4;2;2;2026108615111;separate_photo_block;
2026108585111.jpg;2026108585111;EMANUELY DE JESUS AMARAL SANTOS;4;2;3;2026108585111;separate_photo_block;
2026108569111.jpg;2026108569111;THAWANNE LOPES RODRIGUES;4;3;1;2026108569111;separate_photo_block;
2026108574111.jpg;2026108574111;ANA SOPHIA PEREIRA SOARES;4;3;2;2026108574111;separate_photo_block;
2026114397111.jpg;2026114397111;LARA NICOLLY SANTOS SILVA;4;3;3;2026114397111;separate_photo_block;
2026125538111.jpg;2026125538111;MIRELLY GOMES DE SOUSA SANTOS;5;1;1;2026125538111;separate_photo_block;
2026108568111.jpg;2026108568111;MARIA GABRIELY SOUSA PEREIRA;5;1;2;2026108568111;separate_photo_block;
2026108601111.jpg;2026108601111;MIRELLA CAROLAYNE PEREIRA GOMES;5;1;3;2026108601111;separate_photo_block;
